"|","item","counts"
"0","fault simulation","1200.0"
"","hardware description","800.0"
"","logic simulation","800.0"
"","digital logic","700.0"
"","register transfer","700.0"
"","high level synthesis","564.0"
"","behavioral descriptions","500.0"
"","design automation","459.0"
"","logic synthesis","433.0"
"","test","425.0"
"1","human robot","5600.0"
"","robot","3095.0"
"","mobile robot","2200.0"
"","humanoid robot","1800.0"
"","robot interaction","1700.0"
"","robots","1435.0"
"","human robot interaction","1400.0"
"","mobile robots","1200.0"
"","autonomous robots","1100.0"
"","humans robots","1000.0"
"2","image based","916.0"
"","video based","800.0"
"","image analysis","400.0"
"","image editing","400.0"
"","level set","400.0"
"","multi view","400.0"
"","progressive image","400.0"
"","light field","376.0"
"","image","351.0"
"","image segmentation","302.0"
"3","web pages","1983.0"
"","web graph","1300.0"
"","web search","1172.0"
"","web page","1135.0"
"","web spam","900.0"
"","search engine","833.0"
"","web data","800.0"
"","search engines","792.0"
"","link","701.0"
"","link structure","700.0"
"4","ethical issues","500.0"
"","computer science","498.0"
"","ethics","438.0"
"","arch newsgroup forum discussion computer","400.0"
"","computer ethics","400.0"
"","initiated policies","400.0"
"","professional ethics","400.0"
"","software piracy","400.0"
"","ethical","391.0"
"","computer literacy","300.0"
"5","sensor networks","4091.0"
"","sensor network","2178.0"
"","wireless sensor","1502.0"
"","wireless sensor networks","1148.0"
"","sensor nodes","1112.0"
"","sensor","1046.0"
"","sensor readings","800.0"
"","localization","766.0"
"","sensor fusion","700.0"
"","coverage connectivity","600.0"
"6","handwriting recognition","800.0"
"","pen based","600.0"
"","sketch recognition","600.0"
"","character recognition","500.0"
"","document analysis","500.0"
"","recognition accuracy","500.0"
"","document image analysis","400.0"
"","document images","400.0"
"","handwritten character recognition","400.0"
"","ocr errors","400.0"
"7","hoc networks","990.0"
"","trust management","500.0"
"","distance bounding","400.0"
"","mobile nodes","400.0"
"","secure wireless","400.0"
"","mobile hoc","361.0"
"","hoc","309.0"
"","coordinate system","300.0"
"","signature verifications","300.0"
"","trust based","300.0"
"8","high dimensional","900.0"
"","spatial data","803.0"
"","index structures","700.0"
"","spatial objects","700.0"
"","aggregate queries","600.0"
"","dimensional space","600.0"
"","geographical data","600.0"
"","queries data","600.0"
"","spatial join","500.0"
"","spatial queries","500.0"
"9","rapid prototyping","900.0"
"","software reuse","778.0"
"","end user","693.0"
"","end users","601.0"
"","end user programmers","600.0"
"","simulations spreadsheets","600.0"
"","software tools","358.0"
"","reuse","333.0"
"","reusable components","250.0"
"","software engineering","249.0"
"10","pre service","400.0"
"","student consultants","300.0"
"","cisco community","200.0"
"","collaboration deploy","200.0"
"","constellation enterprise","200.0"
"","customer support phone","200.0"
"","department model","200.0"
"","desk desk","200.0"
"","employees job","200.0"
"","graduate service","200.0"
"11","wavelet transform","2000.0"
"","video coding","800.0"
"","image compression","700.0"
"","image quality","700.0"
"","super resolution","700.0"
"","wavelet coefficients","600.0"
"","jpeg images","500.0"
"","vector quantization","500.0"
"","image processing","401.0"
"","backlight scaling","400.0"
"12","cache misses","3800.0"
"","cache miss","2800.0"
"","cache performance","1700.0"
"","cache behavior","1400.0"
"","cache","1345.0"
"","cache replacement","1200.0"
"","cache conscious","1000.0"
"","cache lines","900.0"
"","memory hierarchy","809.0"
"","cache hierarchy","800.0"
"13","game play","3242.0"
"","video games","2664.0"
"","online games","2500.0"
"","multiplayer games","2200.0"
"","game","2141.0"
"","game playing","1800.0"
"","player game","1800.0"
"","video game","1800.0"
"","playing game","1600.0"
"","game players","1500.0"
"14","computer graphics","1879.0"
"","interactive graphics","976.0"
"","graphics system","900.0"
"","computer aided","832.0"
"","interactive graphical","600.0"
"","interactive system","600.0"
"","graphics capabilities","500.0"
"","graphics package","500.0"
"","interactive computer graphics","500.0"
"","output devices","500.0"
"15","information theoretic","1300.0"
"","mutual information","900.0"
"","information content","600.0"
"","information theory","600.0"
"","bayesian network","400.0"
"","bayesian networks","302.0"
"","amount information","300.0"
"","based approach","300.0"
"","business information","300.0"
"","communication channels","300.0"
"16","source code","3594.0"
"","reverse engineering","2100.0"
"","software maintenance","900.0"
"","software documentation","800.0"
"","refactoring","737.0"
"","bad smells","600.0"
"","code fragments","600.0"
"","error prone","600.0"
"","software evolution","531.0"
"","code code","500.0"
"17","computer science","7311.0"
"","undergraduate curriculum","1900.0"
"","science","1702.0"
"","curriculum","1556.0"
"","computer science curriculum","1001.0"
"","high school","1000.0"
"","students","842.0"
"","teaching computer","832.0"
"","science education","812.0"
"","school","756.0"
"18","test cases","7473.0"
"","test case","3600.0"
"","test suite","3300.0"
"","software testing","2500.0"
"","testing","2499.0"
"","regression testing","1900.0"
"","test","1760.0"
"","automated testing","1700.0"
"","based testing","1500.0"
"","test coverage","1400.0"
"19","aspect oriented","11500.0"
"","crosscutting concerns","3500.0"
"","object oriented","2869.0"
"","aspect oriented programming","2400.0"
"","aspect","1401.0"
"","aspect oriented programming aop","1300.0"
"","join point","1300.0"
"","separation concerns","1290.0"
"","oriented programming","1029.0"
"","programming aop","1000.0"
"20","digital library","13625.0"
"","digital libraries","12446.0"
"","digital preservation","1400.0"
"","library","1383.0"
"","cultural heritage","1100.0"
"","libraries","994.0"
"","digital","752.0"
"","digital archives","700.0"
"","digital documents","700.0"
"","metadata","650.0"
"21","model driven","2700.0"
"","model transformations","1500.0"
"","design patterns","1467.0"
"","design pattern","1300.0"
"","pattern based","1000.0"
"","driven development","900.0"
"","object oriented","861.0"
"","component model","800.0"
"","model driven development","800.0"
"","web applications","683.0"
"22","ada tasking","1500.0"
"","iso iec","1500.0"
"","ada language","900.0"
"","ada compiler","500.0"
"","iso standards","500.0"
"","standard code","500.0"
"","standard","497.0"
"","standards","459.0"
"","ada ada","400.0"
"","distributed ada","400.0"
"23","expressive power","1100.0"
"","query languages","900.0"
"","query language","854.0"
"","relational algebra","800.0"
"","deductive databases","700.0"
"","deductive database","600.0"
"","magic sets","500.0"
"","view maintenance","500.0"
"","transitive closure","416.0"
"","constraint databases","400.0"
"24","user interface","1915.0"
"","user interfaces","1578.0"
"","direct manipulation","1400.0"
"","graphical interface","1000.0"
"","graphical user","800.0"
"","graphical user interface","700.0"
"","user interface management","600.0"
"","graphical user interfaces","500.0"
"","interface toolkit","500.0"
"","interface user","500.0"
"25","open source","4458.0"
"","open source software","2600.0"
"","source software","1200.0"
"","source code","1021.0"
"","bug fixes","1000.0"
"","bug reports","700.0"
"","open source projects","700.0"
"","open","669.0"
"","free open source","600.0"
"","software repositories","600.0"
"26","parallel computing","2100.0"
"","parallel programming","2076.0"
"","parallel applications","1700.0"
"","parallel implementation","1400.0"
"","parallel computation","1100.0"
"","parallel execution","1100.0"
"","performance computing","1100.0"
"","scalable parallel","1000.0"
"","performance parallel","800.0"
"","parallel programs","795.0"
"27","exception handling","2100.0"
"","autonomic computing","1700.0"
"","reflective middleware","1000.0"
"","dynamic adaptation","900.0"
"","adaptive systems","700.0"
"","fault tolerance","679.0"
"","autonomic systems","600.0"
"","software engineering","548.0"
"","adaptation","513.0"
"","dynamic updates","500.0"
"28","topic models","1300.0"
"","learning rank","1200.0"
"","language models","1000.0"
"","probabilistic latent","600.0"
"","probabilistic models","600.0"
"","information retrieval","550.0"
"","cross lingual","500.0"
"","dirichlet allocation","500.0"
"","language model","500.0"
"","topic model","500.0"
"29","information flow","3800.0"
"","access control","1241.0"
"","information flows","1000.0"
"","security policies","707.0"
"","memory protection","600.0"
"","security policy","493.0"
"","covert timing channels","400.0"
"","information flow policy","400.0"
"","mobile code","400.0"
"","secure information flow","400.0"
"30","panel discussion","1500.0"
"","international workshop","1483.0"
"","researchers practitioners","1400.0"
"","challenges opportunities","1300.0"
"","acm international workshop","1100.0"
"","panel session","1100.0"
"","research community","1100.0"
"","research issues","1100.0"
"","tutorial session","1100.0"
"","research area","1000.0"
"31","multi touch","1700.0"
"","touch","1315.0"
"","input device","1200.0"
"","interaction techniques","1100.0"
"","multi user","1100.0"
"","touch screen","800.0"
"","mobile devices","777.0"
"","user interface","706.0"
"","screen","672.0"
"","devices","479.0"
"32","cost estimation","900.0"
"","effort estimation","800.0"
"","software engineering","722.0"
"","software effort","700.0"
"","effort required","500.0"
"","software teams","500.0"
"","software projects","455.0"
"","software project","421.0"
"","development effort","400.0"
"","development projects","400.0"
"33","register allocation","4100.0"
"","code generated","800.0"
"","optimized code","800.0"
"","code optimization","500.0"
"","compiler optimization","500.0"
"","number registers","500.0"
"","register pressure","500.0"
"","compiler optimizations","487.0"
"","optimizing compiler","375.0"
"","code generation","362.0"
"34","optical networks","1100.0"
"","virtual network","1000.0"
"","area network","900.0"
"","area networks","800.0"
"","network architecture","700.0"
"","local area","600.0"
"","local area network","600.0"
"","gigabit ethernet","500.0"
"","local network","500.0"
"","optical","425.0"
"35","decision support","4200.0"
"","data warehouse","2200.0"
"","data warehousing","1700.0"
"","data warehouses","1500.0"
"","data cube","1200.0"
"","decision support system","1200.0"
"","supply chain","612.0"
"","decision making","609.0"
"","decision makers","517.0"
"","decision table","500.0"
"36","delay tolerant","1900.0"
"","air traffic","1600.0"
"","disruption tolerant","1500.0"
"","air traffic control","800.0"
"","traffic control","700.0"
"","command control","600.0"
"","military operations","600.0"
"","real time","523.0"
"","control system","500.0"
"","control systems","500.0"
"37","requirements engineering","3500.0"
"","requirements","1916.0"
"","requirements specification","1600.0"
"","functional requirements","900.0"
"","requirements specifications","900.0"
"","traceability links","700.0"
"","uml models","700.0"
"","software engineering","623.0"
"","requirements analysis","600.0"
"","formal specification","443.0"
"38","electronic commerce","4100.0"
"","supply chain","816.0"
"","buying selling","800.0"
"","social welfare","800.0"
"","market","781.0"
"","online auctions","700.0"
"","stock market","700.0"
"","nash equilibrium","675.0"
"","commerce","633.0"
"","electronic markets","600.0"
"39","apl","3421.0"
"","apl language","1000.0"
"","apl apl","900.0"
"","apl programs","900.0"
"","apl functions","700.0"
"","apl pthis","700.0"
"","language apl","700.0"
"","apl system","600.0"
"","pthis paper describes","600.0"
"","language design","500.0"
"40","embedded system","1744.0"
"","real time","1497.0"
"","embedded systems","1378.0"
"","embedded devices","900.0"
"","pembedded systems","700.0"
"","embedded applications","600.0"
"","real time embedded","577.0"
"","embedded software","444.0"
"","hardware software","346.0"
"","embedded","336.0"
"41","petri nets","7599.0"
"","petri net","4900.0"
"","program design","800.0"
"","coloured petri nets","700.0"
"","analysis design","400.0"
"","petri net model","400.0"
"","petri","350.0"
"","software engineering","349.0"
"","nets","307.0"
"","sequence charts","300.0"
"42","web services","5267.0"
"","web service","4229.0"
"","business processes","4216.0"
"","business process","3594.0"
"","service composition","3500.0"
"","service oriented","3076.0"
"","service providers","2200.0"
"","office automation","1900.0"
"","workflow management","1800.0"
"","service discovery","1536.0"
"43","fault tolerant","2387.0"
"","fault tolerance","1358.0"
"","defect tolerant","900.0"
"","defect tolerance","700.0"
"","fault diagnosis","700.0"
"","scan chain","700.0"
"","test","649.0"
"","flip flops","600.0"
"","post silicon","600.0"
"","side channel","500.0"
"44","male female","600.0"
"","males females","600.0"
"","job","526.0"
"","career","330.0"
"","skills","322.0"
"","women","309.0"
"","awarded women","300.0"
"","computer related","300.0"
"","desk consultants","300.0"
"","men women","300.0"
"45","computer science","1072.0"
"","pair programming","1000.0"
"","science courses","800.0"
"","students","689.0"
"","computer programming","600.0"
"","introductory programming","600.0"
"","programming concepts","600.0"
"","programming courses","600.0"
"","teaching students","600.0"
"","introductory","551.0"
"47","peer peer","4242.0"
"","web services","1836.0"
"","information sources","800.0"
"","peer networks","800.0"
"","web service","783.0"
"","web web","700.0"
"","information services","600.0"
"","web based","591.0"
"","peer","523.0"
"","directory services","500.0"
"48","linear programming","2529.0"
"","scheduling problem","1600.0"
"","integer programming","1000.0"
"","problem scheduling","1000.0"
"","optimization problem","812.0"
"","allocation problem","700.0"
"","combinatorial optimization","700.0"
"","integer linear","700.0"
"","problem solved","700.0"
"","solve problem","700.0"
"49","query optimization","3800.0"
"","sql queries","1400.0"
"","query optimizer","1300.0"
"","query execution","1200.0"
"","sql query","1000.0"
"","query processing","808.0"
"","join processing","800.0"
"","join algorithms","700.0"
"","query plans","700.0"
"","join algorithm","600.0"
"50","energy aware","2100.0"
"","voltage scaling","1500.0"
"","energy consumption","1354.0"
"","energy saving","1300.0"
"","energy consumed","1200.0"
"","battery powered","1000.0"
"","power management","808.0"
"","energy management","800.0"
"","frequency scaling","800.0"
"","power consumption","734.0"
"51","internet routing","1000.0"
"","future internet","900.0"
"","routing tables","700.0"
"","mobility management","600.0"
"","bgp","582.0"
"","ingress egress","500.0"
"","inter domain","500.0"
"","interdomain routing","400.0"
"","network protocols","400.0"
"","overlay networks","400.0"
"52","multimedia documents","900.0"
"","digital television","600.0"
"","digital media","500.0"
"","interactive digital","400.0"
"","interactive television","400.0"
"","multimedia authoring","400.0"
"","nested context","400.0"
"","audio video","395.0"
"","video content","353.0"
"","television","344.0"
"53","cpu gpu","1400.0"
"","gpu","1066.0"
"","cell processor","1000.0"
"","cell broadband","800.0"
"","gpu accelerated","700.0"
"","graphics processing units gpus","700.0"
"","gpu architectures","600.0"
"","graphics processors","600.0"
"","nvidia cuda","600.0"
"","processing units gpus","600.0"
"54","italicn italic","1001.0"
"","competitive ratio","1000.0"
"","oblivious routing","800.0"
"","italicd italic","537.0"
"","load balancing","522.0"
"","online algorithms","500.0"
"","competitive","419.0"
"","competitive analysis","400.0"
"","tight bounds","400.0"
"","italick italic","376.0"
"55","query log","1500.0"
"","query logs","1300.0"
"","information retrieval","1261.0"
"","search engine","1135.0"
"","query suggestion","1100.0"
"","search result","1100.0"
"","web search","1038.0"
"","search engines","984.0"
"","search behavior","900.0"
"","search logs","900.0"
"56","video games","780.0"
"","web pages","684.0"
"","game","637.0"
"","html pages","500.0"
"","games","437.0"
"","exertion games","400.0"
"","pervasive games","400.0"
"","web page","395.0"
"","computer games","393.0"
"","game play","333.0"
"57","solid modeling","1500.0"
"","cad cam","1100.0"
"","geometric modeling","800.0"
"","voronoi diagram","700.0"
"","geometric objects","600.0"
"","geometric","569.0"
"","contour map","500.0"
"","solid models","500.0"
"","computational geometry","400.0"
"","design manufacturing","400.0"
"58","software engineering","2092.0"
"","software process","1500.0"
"","agile software","1100.0"
"","software development process","1100.0"
"","software development","916.0"
"","agile development","900.0"
"","development processes","800.0"
"","process model","800.0"
"","development process","794.0"
"","agile","711.0"
"59","petri nets","604.0"
"","carlo modeling","500.0"
"","alpha sim","300.0"
"","current state","300.0"
"","devs scheme simulation","300.0"
"","dipole antenna","300.0"
"","heat shock","300.0"
"","monte carlo","263.0"
"","discrete event simulation","213.0"
"","coloured stochastic multilevel multiset rewriting","200.0"
"60","ray tracing","1822.0"
"","global illumination","700.0"
"","illumination","682.0"
"","time rendering","600.0"
"","ray","576.0"
"","lighting","525.0"
"","based rendering","500.0"
"","graphics pipeline","500.0"
"","pixel shader","500.0"
"","light","476.0"
"61","information retrieval","5238.0"
"","document retrieval","2300.0"
"","query expansion","1207.0"
"","retrieval systems","1200.0"
"","retrieval system","1044.0"
"","text retrieval","1000.0"
"","retrieval models","900.0"
"","document collections","800.0"
"","retrieval","774.0"
"","relevance feedback","702.0"
"62","formal verification","928.0"
"","sat solver","900.0"
"","boolean satisfiability","700.0"
"","boolean satisfiability sat","700.0"
"","equivalence checking","600.0"
"","functional verification","600.0"
"","sat solvers","600.0"
"","sat","577.0"
"","hardware verification","500.0"
"","boolean formula","400.0"
"63","placement routing","1700.0"
"","physical design","1200.0"
"","placement","1172.0"
"","rent rule","1100.0"
"","detailed routing","800.0"
"","global routing","700.0"
"","timing driven","600.0"
"","wire length","600.0"
"","simulated annealing","554.0"
"","delay budgeting","500.0"
"64","fault tolerance","9321.0"
"","fault tolerant","6473.0"
"","checkpoint restart","600.0"
"","fault tolerant distributed","600.0"
"","quorum systems","600.0"
"","reliability availability","600.0"
"","tolerance","523.0"
"","byzantine fault tolerant","500.0"
"","fault tolerance distributed","500.0"
"","group communication","500.0"
"65","face recognition","2200.0"
"","computer vision","1900.0"
"","video surveillance","1700.0"
"","vision based","1200.0"
"","face detection","900.0"
"","object tracking","900.0"
"","tracking","811.0"
"","action recognition","600.0"
"","object recognition","600.0"
"","proposed method","517.0"
"66","partial evaluation","2265.0"
"","logic programming","1825.0"
"","lambda calculus","1000.0"
"","partial evaluator","800.0"
"","logic programs","750.0"
"","constraint solving","700.0"
"","term rewriting","700.0"
"","abstract interpretation","642.0"
"","abstract interpretations","600.0"
"","constraint programming","600.0"
"67","structured programming","1267.0"
"","machine language","800.0"
"","data types","750.0"
"","data abstraction","700.0"
"","level languages","700.0"
"","operating system","628.0"
"","level language","516.0"
"","operating systems","514.0"
"","computer systems","468.0"
"","programming languages","412.0"
"68","faculty staff","1300.0"
"","faculty students","800.0"
"","hewlett packard","800.0"
"","students faculty staff","800.0"
"","faculty staff students","700.0"
"","computer lab","600.0"
"","support staff","600.0"
"","academic departments","500.0"
"","staff students","500.0"
"","university delaware","500.0"
"69","deformation","381.0"
"","shape","312.0"
"","sketch based","302.0"
"","furniture arrangements","300.0"
"","interactive modeling","300.0"
"","mesh deformation","300.0"
"","partial shape","300.0"
"","sketch based modeling","300.0"
"","shapes","239.0"
"","deformation equation","200.0"
"70","wireless lan","1100.0"
"","multicast","855.0"
"","access point","700.0"
"","mac protocol","700.0"
"","reliable multicast","700.0"
"","wireless medium","700.0"
"","wireless networks","628.0"
"","vehicular networks","600.0"
"","mac layer","564.0"
"","wireless network","549.0"
"71","question answering","1448.0"
"","document summarization","900.0"
"","text summarization","800.0"
"","information retrieval","711.0"
"","topic segmentation","500.0"
"","cross language","487.0"
"","summarization","427.0"
"","average precision","400.0"
"","keyphrase extraction","400.0"
"","question answer","400.0"
"72","disk drive","1400.0"
"","disk array","700.0"
"","disk arrays","700.0"
"","disk drives","700.0"
"","disk scheduling","600.0"
"","disk head","500.0"
"","disk bandwidth","400.0"
"","disk failures","400.0"
"","mems based storage","400.0"
"","disk","368.0"
"73","participatory sensing","1200.0"
"","mobile phones","939.0"
"","mobile phone","740.0"
"","cell phone","700.0"
"","driver assistance","600.0"
"","driving simulator","600.0"
"","gps traces","600.0"
"","carbon emissions","500.0"
"","mobile sensing","500.0"
"","public transportation","500.0"
"74","differential equations","2600.0"
"","symbolic computation","1900.0"
"","part italicy","1400.0"
"","computer algebra","1359.0"
"","algebraic","916.0"
"","algebraic manipulation","900.0"
"","algebra system","700.0"
"","algebra systems","700.0"
"","symbolic algebra","700.0"
"","differential","699.0"
"75","fourier transform","900.0"
"","las vegas","500.0"
"","vector congruence","500.0"
"","algorithm computing","400.0"
"","fast fourier transform","400.0"
"","isup minus","400.0"
"","multiplication algorithm","400.0"
"","polynomial multiplication","400.0"
"","positive integers","400.0"
"","matrix multiplication","382.0"
"76","type inference","4700.0"
"","type system","4058.0"
"","type","1764.0"
"","type checking","1125.0"
"","static type","900.0"
"","type qualifiers","800.0"
"","type safety","800.0"
"","higher order","753.0"
"","inference algorithm","700.0"
"","intersection types","700.0"
"77","amazon mechanical turk","900.0"
"","mechanical turk","800.0"
"","wiki pages","800.0"
"","wikipedia articles","700.0"
"","wiki","657.0"
"","wikipedia","543.0"
"","articles contributors","400.0"
"","open source","368.0"
"","online communities","333.0"
"","social media","323.0"
"78","nested loops","900.0"
"","loop nests","700.0"
"","parallelizing compilers","700.0"
"","loop","582.0"
"","array intensive","500.0"
"","data locality","500.0"
"","iteration space","500.0"
"","iterations loop","500.0"
"","loop parallelization","500.0"
"","array","461.0"
"79","computational complexity","1700.0"
"","italicn italic","1251.0"
"","interactive proof","1000.0"
"","italicm italic","829.0"
"","complexity theory","800.0"
"","italic","744.0"
"","lower bounds","597.0"
"","time complexity","563.0"
"","italic italic","529.0"
"","complexity problems","500.0"
"80","multi core","900.0"
"","processor cores","800.0"
"","thermal","637.0"
"","asymmetry aware","600.0"
"","power performance","600.0"
"","temperature aware","600.0"
"","architectural power","500.0"
"","dynamic thermal","500.0"
"","thermal management","500.0"
"","temperature","474.0"
"81","surveyor forum","1900.0"
"","openmath mathml","400.0"
"","amp rho amp","300.0"
"","disjoint paths","300.0"
"","surveyor forum technical","300.0"
"","amp bull","290.0"
"","amp amp","238.0"
"","computer algebra","227.0"
"","mathematical expressions","202.0"
"","special track","202.0"
"82","safety critical","800.0"
"","automatic verification","700.0"
"","abstraction refinement","500.0"
"","local reasoning","500.0"
"","predicate abstraction","500.0"
"","smt solver","500.0"
"","static analysis","475.0"
"","model checking","420.0"
"","decision procedures","400.0"
"","separation logic","400.0"
"83","remote attestation","700.0"
"","trusted computing","700.0"
"","malware","570.0"
"","malicious behavior","500.0"
"","malware detection","500.0"
"","security attacks","500.0"
"","malicious attacks","400.0"
"","malware detectors","400.0"
"","memory corruption","400.0"
"","sensitive data","400.0"
"84","performance prediction","900.0"
"","performance measurement","700.0"
"","performance analysis","661.0"
"","performance metrics","500.0"
"","software performance","500.0"
"","application specific","410.0"
"","performance metric","400.0"
"","performance models","400.0"
"","palladio component","300.0"
"","performance model","253.0"
"85","monte carlo","4080.0"
"","monte carlo simulation","1600.0"
"","random number generators","800.0"
"","steady state","800.0"
"","carlo simulation","700.0"
"","random number","700.0"
"","confidence intervals","600.0"
"","simulation experiments","600.0"
"","importance sampling","400.0"
"","monte carlo simulations","400.0"
"86","algorithm animation","800.0"
"","visualization tool","800.0"
"","computer science","498.0"
"","algorithm animations","400.0"
"","algorithm visualization","400.0"
"","visualization tools","400.0"
"","computer graphics","364.0"
"","teaching learning","328.0"
"","active learning","301.0"
"","visual learning","300.0"
"87","common lisp","900.0"
"","lisp","632.0"
"","delimited control","600.0"
"","functional language","556.0"
"","continuation based","500.0"
"","continuation passing","500.0"
"","lazy evaluation","500.0"
"","lisp machine","500.0"
"","functional programming","450.0"
"","control effects","400.0"
"88","concurrent programs","1800.0"
"","race conditions","1200.0"
"","data races","700.0"
"","concurrency bugs","600.0"
"","multithreaded programs","600.0"
"","race detection","600.0"
"","races deadlocks","600.0"
"","record replay","500.0"
"","data race","400.0"
"","replay log","400.0"
"89","product line","8900.0"
"","product lines","4100.0"
"","software product lines","1500.0"
"","software product line","1200.0"
"","product line engineering","1100.0"
"","product","824.0"
"","product family","800.0"
"","product line spl","600.0"
"","line","438.0"
"","component reuse","400.0"
"90","texture synthesis","1300.0"
"","anti aliasing","700.0"
"","ray tracing","668.0"
"","texture mapping","408.0"
"","hidden surface","400.0"
"","scan line","400.0"
"","texture","340.0"
"","computer graphics","333.0"
"","hidden surface elimination","300.0"
"","motion blur","300.0"
"91","cache memory","1200.0"
"","embedded memory","1000.0"
"","cache architecture","900.0"
"","memory banks","900.0"
"","cache memories","800.0"
"","memory controller","800.0"
"","chip memory","730.0"
"","data access","700.0"
"","memory memory","700.0"
"","scratchpad memory","700.0"
"92","cellular automata","2157.0"
"","quantum mechanics","1400.0"
"","quantum computing","1300.0"
"","quantum","1139.0"
"","quantum computer","800.0"
"","quantum classical","600.0"
"","efficient parallel","500.0"
"","optimal parallel","500.0"
"","turing machines","500.0"
"","classical quantum","400.0"
"93","chip multiprocessors","700.0"
"","blue gene","600.0"
"","san diego supercomputer","600.0"
"","navier stokes","400.0"
"","number cores","400.0"
"","sgi altix","400.0"
"","chip core","300.0"
"","exascale computing","300.0"
"","high performance computing","300.0"
"","pthree dimensional","300.0"
"94","bloom filters","2800.0"
"","packet classification","1400.0"
"","bloom filter","1300.0"
"","clock period","1300.0"
"","skew scheduling","700.0"
"","clock skew scheduling","500.0"
"","false positive","400.0"
"","packet classifiers","400.0"
"","clock skew","329.0"
"","false positives","306.0"
"95","scheduling policies","1200.0"
"","lock free","1100.0"
"","scheduling policy","900.0"
"","scheduling algorithms","700.0"
"","task scheduling","700.0"
"","mutual exclusion","688.0"
"","synchronization","684.0"
"","gang scheduling","600.0"
"","synchronization operations","600.0"
"","work stealing","600.0"
"96","sign language","3600.0"
"","speech recognition","1772.0"
"","american sign language","800.0"
"","natural language","678.0"
"","speech recognizer","600.0"
"","american sign","500.0"
"","american sign language asl","500.0"
"","speech synthesis","500.0"
"","machine translation","408.0"
"","speech","405.0"
"97","audio video","2924.0"
"","video clips","2700.0"
"","video streaming","1904.0"
"","video","1818.0"
"","sports video","1800.0"
"","video streams","1800.0"
"","video content","1625.0"
"","video quality","1500.0"
"","video summarization","1500.0"
"","interactive video","1200.0"
"98","creative thinking","400.0"
"","human computer interaction","400.0"
"","man machine","400.0"
"","pupil size","400.0"
"","brain computer","300.0"
"","experience sampling","300.0"
"","interactive systems","300.0"
"","weekend battle","300.0"
"","machine learning","279.0"
"","existing approaches","200.0"
"99","data center","423.0"
"","cmos process","400.0"
"","fully integrated","400.0"
"","hardware implementation","400.0"
"","sigma delta","400.0"
"","single chip","400.0"
"","ultra low","400.0"
"","vlsi implementation","400.0"
"","high speed","252.0"
"","low latency","252.0"
"100","functional units","1600.0"
"","software pipelining","1600.0"
"","level parallelism","1000.0"
"","instruction scheduling","900.0"
"","control unit","800.0"
"","modulo scheduling","800.0"
"","functional unit","700.0"
"","instruction level parallelism","700.0"
"","instruction level","600.0"
"","processor architecture","600.0"
"101","vlsi design","1800.0"
"","analog circuits","1300.0"
"","vlsi layout","900.0"
"","circuit simulation","700.0"
"","design automation","612.0"
"","automated design","600.0"
"","design methodology","600.0"
"","layout","507.0"
"","channel routing","500.0"
"","vlsi circuit","500.0"
"102","product reviews","1100.0"
"","sentiment analysis","600.0"
"","opinion","472.0"
"","hotel reviews","400.0"
"","opinion mining","400.0"
"","sentiment","386.0"
"","reviews","349.0"
"","cross domain sentiment","300.0"
"","information explosion","300.0"
"","news sentiment","300.0"
"105","privacy preserving","3451.0"
"","differential privacy","1400.0"
"","preserving privacy","1000.0"
"","location privacy","900.0"
"","private information","900.0"
"","privacy aware","800.0"
"","privacy preservation","800.0"
"","privacy","736.0"
"","sensitive information","700.0"
"","differentially private","600.0"
"106","children","1566.0"
"","tangible interfaces","1400.0"
"","physical objects","900.0"
"","tangible","820.0"
"","young children","800.0"
"","children ages","700.0"
"","pwe propose","600.0"
"","tangible interaction","600.0"
"","tangible user","600.0"
"","school children","500.0"
"107","genetic programming","8300.0"
"","automatic programming","1600.0"
"","grammatical evolution","1100.0"
"","genetic programs","700.0"
"","program transformations","627.0"
"","automatic generation","500.0"
"","automatic synthesis","500.0"
"","program generator","500.0"
"","evolutionary computation","404.0"
"","program synthesis","400.0"
"108","computer science","880.0"
"","experiences teaching","500.0"
"","hands labs","500.0"
"","hands lab","400.0"
"","students understand","400.0"
"","undergraduate students","400.0"
"","laboratory","342.0"
"","teaching operating systems","300.0"
"","teaching programming","300.0"
"","students","277.0"
"109","information systems","935.0"
"","technology adoption","700.0"
"","organizational","460.0"
"","business process","408.0"
"","action research","400.0"
"","competitive advantage","400.0"
"","findings study","400.0"
"","implications findings","400.0"
"","perceived usefulness","400.0"
"","technology acceptance","400.0"
"110","moving objects","2300.0"
"","spatio temporal","922.0"
"","top queries","600.0"
"","signature file","500.0"
"","uncertain data","500.0"
"","moving object","400.0"
"","query answers","400.0"
"","spatial network","400.0"
"","spatio temporal data","400.0"
"","query processing","369.0"
"111","volume rendering","2200.0"
"","data visualization","1300.0"
"","scientific visualization","900.0"
"","volume data","900.0"
"","volume","792.0"
"","isosurface extraction","700.0"
"","based visualization","600.0"
"","interactive exploration","600.0"
"","interactive visualization","408.0"
"","ray casting","400.0"
"112","database design","1300.0"
"","entity relationship","800.0"
"","relational model","700.0"
"","data base","633.0"
"","data models","600.0"
"","functional dependencies","506.0"
"","normal forms","500.0"
"","data model","436.0"
"","relational databases","419.0"
"","relational data","408.0"
"113","pub fmt","37409.0"
"","inline equation","4700.0"
"","pub fmt pub fmt","2200.0"
"","external memory","1700.0"
"","fmt pub fmt","1500.0"
"","cache oblivious","1300.0"
"","equation inline equation","1300.0"
"","inline equation inline equation","1100.0"
"","inline inline equation","1000.0"
"","inline equation inline","700.0"
"114","web applications","5405.0"
"","client side","2600.0"
"","web application","2204.0"
"","server side","2100.0"
"","web services","1871.0"
"","web browser","1480.0"
"","web service","1149.0"
"","service oriented","974.0"
"","web technologies","900.0"
"","cross site scripting","800.0"
"115","data compression","3300.0"
"","code compression","2100.0"
"","error correction","1600.0"
"","compression decompression","1400.0"
"","compression ratio","1300.0"
"","correcting codes","1300.0"
"","compression scheme","1200.0"
"","lossless compression","1100.0"
"","coding scheme","1000.0"
"","compression","962.0"
"116","qos guarantees","900.0"
"","admission control","800.0"
"","service qos","601.0"
"","qos","558.0"
"","adaptive routing","500.0"
"","network calculus","500.0"
"","network delay","500.0"
"","packet scheduling","500.0"
"","qos requirements","500.0"
"","round robin","500.0"
"117","planar graphs","1300.0"
"","graph coloring","702.0"
"","random walks","700.0"
"","tree width","700.0"
"","problem finding","500.0"
"","verbar verbar","500.0"
"","graphs","472.0"
"","bounded treewidth","400.0"
"","chromatic number","400.0"
"","graphs graphs","400.0"
"118","participatory design","2800.0"
"","usability evaluation","1360.0"
"","centered design","1300.0"
"","design guidelines","1200.0"
"","design process","1125.0"
"","usability problems","1100.0"
"","usability testing","1100.0"
"","user centered design","1000.0"
"","usability","937.0"
"","interaction hci","900.0"
"119","data collection","400.0"
"","paper introduces","400.0"
"","proposed model","400.0"
"","learning based","300.0"
"","system enables","300.0"
"","user friendly","300.0"
"","linked data","252.0"
"","peer peer","250.0"
"","fine grained","139.0"
"","provide","91.0"
"120","neural network","6482.0"
"","neural networks","4100.0"
"","reinforcement learning","2734.0"
"","machine learning","1517.0"
"","artificial neural","1300.0"
"","neural","1077.0"
"","artificial neural networks","900.0"
"","classifier systems","600.0"
"","learning approach","600.0"
"","learning classifier","600.0"
"121","machine learning","4072.0"
"","feature selection","3000.0"
"","supervised learning","3000.0"
"","active learning","2405.0"
"","semi supervised","2400.0"
"","classification","1800.0"
"","support vector machines","1500.0"
"","text classification","1500.0"
"","vector machines","1500.0"
"","classification accuracy","1374.0"
"122","virtual machine","1356.0"
"","jit compiler","900.0"
"","dynamic code","800.0"
"","dynamic compilation","800.0"
"","native code","800.0"
"","calling context","700.0"
"","java compiler","700.0"
"","java bytecode","642.0"
"","compilation","561.0"
"","java","510.0"
"123","suffix tree","2800.0"
"","pattern matching","1917.0"
"","data structure","1350.0"
"","hash table","1300.0"
"","sorting algorithms","1200.0"
"","binary tree","1000.0"
"","insertion deletion","1000.0"
"","sorting algorithm","900.0"
"","suffix trees","900.0"
"","italicn italic","876.0"
"124","programming environment","3300.0"
"","development environment","1900.0"
"","programming environments","1000.0"
"","version control","800.0"
"","development environments","700.0"
"","development tools","600.0"
"","software development environments","600.0"
"","software environments","600.0"
"","programming tools","500.0"
"","software development environment","500.0"
"125","instant messaging","1188.0"
"","ambient displays","700.0"
"","large display","500.0"
"","sms messages","500.0"
"","mobile device","430.0"
"","mobile phone","398.0"
"","ubiquitous computing","347.0"
"","ambient display","300.0"
"","cyber surfing","300.0"
"","message notification","300.0"
"126","image retrieval","7900.0"
"","image annotation","2600.0"
"","image search","2400.0"
"","video retrieval","1800.0"
"","query image","1100.0"
"","based image retrieval","1000.0"
"","latent semantic","800.0"
"","visual features","800.0"
"","visual search","800.0"
"","annotation","774.0"
"127","network management","2000.0"
"","network monitoring","1000.0"
"","traffic analysis","900.0"
"","traffic flows","900.0"
"","network measurement","700.0"
"","network operators","700.0"
"","traffic engineering","600.0"
"","anomaly detection","578.0"
"","heavy hitters","500.0"
"","network service","500.0"
"128","sparse matrix","2100.0"
"","linear algebra","1900.0"
"","finite element","1300.0"
"","linear equations","900.0"
"","sparse matrices","900.0"
"","matrix","805.0"
"","row column","800.0"
"","singular decomposition svd","800.0"
"","matrix multiplication","709.0"
"","iterative methods","700.0"
"129","leader election","700.0"
"","distributed algorithm","500.0"
"","labeling scheme","500.0"
"","distributed algorithms","483.0"
"","fuel tank limited","400.0"
"","log rounds","400.0"
"","random walk","400.0"
"","small world","400.0"
"","shortest path","327.0"
"","distributed computation","300.0"
"130","flow analysis","3600.0"
"","pointer analysis","1200.0"
"","dependence graph","1100.0"
"","points analysis","1100.0"
"","program analysis","1022.0"
"","call graph","900.0"
"","data flow","900.0"
"","program slicing","857.0"
"","data flow analysis","800.0"
"","dataflow analysis","800.0"
"131","distance learning","2700.0"
"","distance education","1700.0"
"","collaborative learning","1500.0"
"","based learning","1300.0"
"","learning environments","1300.0"
"","learning environment","1107.0"
"","learning activities","1000.0"
"","school students","889.0"
"","educational","840.0"
"","learning","812.0"
"132","functional programming","2626.0"
"","functional programs","800.0"
"","functional reactive","700.0"
"","haskell","630.0"
"","functional languages","627.0"
"","domain specific","562.0"
"","algebraic data","500.0"
"","data type","500.0"
"","declarative programming","500.0"
"","haskell programs","400.0"
"133","point cloud","700.0"
"","surface reconstruction","600.0"
"","medial axis","500.0"
"","surface","457.0"
"","fluid","441.0"
"","implicit functions","400.0"
"","implicit surfaces","400.0"
"","marching cubes","400.0"
"","navier stokes equations","400.0"
"","fluid dynamics","312.0"
"134","streaming video","600.0"
"","streaming media","500.0"
"","video streaming","476.0"
"","capacity planning","300.0"
"","client request aggregation strategy","300.0"
"","interoperable metadata","300.0"
"","streaming server","300.0"
"","video stream","220.0"
"","based user","200.0"
"","commensurate specific","200.0"
"135","clustering","3517.0"
"","clustering algorithm","3100.0"
"","hierarchical clustering","1700.0"
"","subspace clustering","1600.0"
"","clustering algorithms","1500.0"
"","means clustering","1500.0"
"","data mining","1204.0"
"","clusters","1050.0"
"","clustering method","1000.0"
"","spectral clustering","1000.0"
"136","motion capture","2800.0"
"","facial animation","1300.0"
"","human motion","1300.0"
"","motion capture data","1100.0"
"","motion","932.0"
"","facial expressions","738.0"
"","animation","717.0"
"","human body","700.0"
"","human hand","700.0"
"","motion data","700.0"
"137","web servers","2000.0"
"","web server","1000.0"
"","based data","700.0"
"","proxy server","700.0"
"","web objects","700.0"
"","proxy caching","600.0"
"","web cache","600.0"
"","web caching","600.0"
"","web services","554.0"
"","world wide web","418.0"
"138","soft errors","2000.0"
"","soft error","1188.0"
"","fault tolerance","432.0"
"","performance paper","400.0"
"","transient errors","400.0"
"","binary instrumentation","300.0"
"","inter core","300.0"
"","memory footprint","300.0"
"","optimize data","300.0"
"","significant performance","300.0"
"139","information visualization","1600.0"
"","visual exploration","900.0"
"","visualization techniques","812.0"
"","user interface","756.0"
"","analysis visualization","700.0"
"","visual analysis","700.0"
"","human factors","608.0"
"","visual analytics","600.0"
"","user interfaces","558.0"
"","visualization","502.0"
"140","information extraction","2600.0"
"","natural language processing","1806.0"
"","natural language","1662.0"
"","named entities","1200.0"
"","precision recall","800.0"
"","extraction","654.0"
"","common sense","600.0"
"","entity recognition","600.0"
"","semantic similarity","600.0"
"","semi structured","600.0"
"141","collision detection","2800.0"
"","haptic rendering","600.0"
"","physically based","600.0"
"","rigid body","600.0"
"","hair simulation","400.0"
"","hundreds thousands","400.0"
"","collision","356.0"
"","collision avoidance","300.0"
"","computation time","300.0"
"","dynamic simulation","300.0"
"142","genetic algorithm","1250.0"
"","genetic algorithms","1091.0"
"","evolutionary algorithms","963.0"
"","global optimization","700.0"
"","simulated annealing","655.0"
"","crossover operators","600.0"
"","linear programming","562.0"
"","crossover operator","500.0"
"","find optimal","500.0"
"","optimal solutions","500.0"
"143","congestion control","2200.0"
"","tcp","1633.0"
"","round trip","1400.0"
"","transport protocol","938.0"
"","flow control","888.0"
"","congestion","829.0"
"","communication protocols","800.0"
"","rate control","700.0"
"","tcp flows","700.0"
"","transport protocols","700.0"
"144","peer peer","13850.0"
"","overlay network","2400.0"
"","peer","1814.0"
"","peer peer systems","1300.0"
"","content distribution","900.0"
"","gossip based","900.0"
"","content delivery","800.0"
"","peer systems","800.0"
"","peer peer network","700.0"
"","scale distributed","700.0"
"145","social networks","1264.0"
"","social network","1040.0"
"","online communities","667.0"
"","social networking","564.0"
"","social navigation","500.0"
"","work practices","500.0"
"","community network","400.0"
"","discuss implications","400.0"
"","ethnographic study","400.0"
"","online community","400.0"
"146","sensor networks","8182.0"
"","sensor network","7855.0"
"","sensor nodes","3493.0"
"","wireless sensor","2960.0"
"","wireless sensor networks","2738.0"
"","wireless sensor network","2019.0"
"","sensor","1936.0"
"","sensor node","1731.0"
"","wireless sensor networks wsns","1700.0"
"","sensor data","1200.0"
"147","modal logic","1000.0"
"","constraint satisfaction","916.0"
"","knowledge representation","853.0"
"","semantic web","730.0"
"","description logics","700.0"
"","temporal reasoning","700.0"
"","knowledge based","609.0"
"","description logic","600.0"
"","logic reasoning","600.0"
"","ontology based","598.0"
"148","logic synthesis","2167.0"
"","technology mapping","1800.0"
"","decision diagrams","800.0"
"","logic circuit","700.0"
"","combinational logic","500.0"
"","logic circuits","500.0"
"","asynchronous circuits","400.0"
"","boolean network","400.0"
"","don cares","400.0"
"","inputs outputs","400.0"
"149","security protocols","2200.0"
"","secret key","1900.0"
"","public key","1800.0"
"","cryptographic protocols","1700.0"
"","public key cryptography","1100.0"
"","encryption decryption","1000.0"
"","key cryptography","1000.0"
"","rfid tags","1000.0"
"","privacy preserving","931.0"
"","secret sharing","800.0"
"150","software engineering","5927.0"
"","surfing net software engineering notes","1200.0"
"","icse workshop","1000.0"
"","workshop software engineering","800.0"
"","software engineers","667.0"
"","software development","649.0"
"","engineering research","600.0"
"","international workshop","533.0"
"","international workshop software engineering","500.0"
"","reusable software","500.0"
"151","virtual environments","1360.0"
"","virtual reality","1195.0"
"","virtual environment","756.0"
"","collaborative virtual","600.0"
"","interest management","500.0"
"","oil gas","500.0"
"","virtual worlds","457.0"
"","augmented reality","455.0"
"","universal media","400.0"
"","virtual world","381.0"
"152","switching activity","1300.0"
"","power estimation","900.0"
"","fpga implementation","600.0"
"","power modeling","600.0"
"","power dissipation","556.0"
"","hardware design","468.0"
"","high level synthesis","410.0"
"","level synthesis","400.0"
"","low power","387.0"
"","power consumption","382.0"
"153","context aware","1092.0"
"","mobile devices","826.0"
"","user interfaces","704.0"
"","user interface","672.0"
"","mixed initiative","600.0"
"","conception syst mes","500.0"
"","navigation systems","500.0"
"","shopping mall","500.0"
"","user preferences","319.0"
"","multimodal interaction","270.0"
"154","amp bull","1268.0"
"","online documentation","700.0"
"","hypertext systems","500.0"
"","hypertext system","400.0"
"","digital libraries","377.0"
"","amp system","300.0"
"","hypertext hypermedia","300.0"
"","minimal manual","300.0"
"","online information","300.0"
"","rhetorical situation","300.0"
"155","dynamic range","700.0"
"","tone mapping","700.0"
"","high dynamic range","500.0"
"","projector camera","500.0"
"","high resolution","487.0"
"","camera flash","400.0"
"","projector based","400.0"
"","image processing","374.0"
"","coherence tomography","300.0"
"","structured light","300.0"
"156","static analysis","645.0"
"","finding bugs","600.0"
"","analysis tools","500.0"
"","buffer overflows","500.0"
"","lines code","500.0"
"","symbolic execution","500.0"
"","false positives","408.0"
"","analysis tool","400.0"
"","hook placement linux","400.0"
"","path sensitive","400.0"
"157","information security","3178.0"
"","intrusion detection","3074.0"
"","anomaly detection","1328.0"
"","cyber security","1100.0"
"","security issues","1100.0"
"","computer security","812.0"
"","intrusion detection systems","800.0"
"","security measures","800.0"
"","network security","748.0"
"","cyber defense","700.0"
"158","time series","8200.0"
"","euclidean distance","700.0"
"","permutation groups","700.0"
"","subsequence matching","600.0"
"","distance function","500.0"
"","dimensionality reduction","400.0"
"","euclidean space","400.0"
"","permutation group","400.0"
"","ptime series","400.0"
"","series","357.0"
"159","nash equilibrium","1901.0"
"","price anarchy","1100.0"
"","cost sharing","700.0"
"","game theoretic","687.0"
"","correlated equilibria","500.0"
"","equilibrium","433.0"
"","auction mechanism","400.0"
"","main result","400.0"
"","nash equilibria","400.0"
"","probability distribution","400.0"
"160","health care","10600.0"
"","health","1522.0"
"","medical","1276.0"
"","medical information","1200.0"
"","patient care","1200.0"
"","medical informatics","1100.0"
"","patient management","1100.0"
"","health monitoring","1000.0"
"","medical care","1000.0"
"","medical records","1000.0"
"161","coarse grained","1000.0"
"","architecture exploration","600.0"
"","cycle accurate","600.0"
"","processor architectures","600.0"
"","space exploration","600.0"
"","application specific","564.0"
"","embedded processors","500.0"
"","hardware software","300.0"
"","fpga based","252.0"
"","programmable gate","250.0"
"162","concurrent programming","1020.0"
"","actor model","600.0"
"","concurrent object","600.0"
"","coordination language","500.0"
"","language distributed","500.0"
"","oriented language","500.0"
"","object oriented","430.0"
"","message passing","420.0"
"","abstract machine","400.0"
"","bisimulation equivalence","400.0"
"163","file system","11500.0"
"","file systems","2800.0"
"","file","1782.0"
"","file server","1400.0"
"","file access","1200.0"
"","virtual machine","1009.0"
"","virtual machines","985.0"
"","storage system","812.0"
"","operating system","758.0"
"","live migration","700.0"
"164","iinf inf","2300.0"
"","inf iinf inf","800.0"
"","inf inf","750.0"
"","inf inf inf","600.0"
"","iinfii inf","500.0"
"","inf inf inf inf","500.0"
"","property testing","500.0"
"","alpha alpha","400.0"
"","iinfin inf","400.0"
"","random bits","400.0"
"165","concurrency control","2800.0"
"","transaction management","1700.0"
"","transaction processing","1400.0"
"","distributed database","1200.0"
"","transaction","1020.0"
"","database applications","700.0"
"","data items","500.0"
"","nested transactions","500.0"
"","database management","432.0"
"","database systems","417.0"
"166","code generation","964.0"
"","instruction sets","700.0"
"","code generator","600.0"
"","bit slice","500.0"
"","machine instruction","500.0"
"","echo instructions","400.0"
"","higher level","400.0"
"","special purpose","400.0"
"","instruction set","306.0"
"","code size","302.0"
"167","computer generated","500.0"
"","brush strokes","400.0"
"","image space","400.0"
"","photorealistic rendering","400.0"
"","artistic style","300.0"
"","color scales","300.0"
"","dispersed dot","300.0"
"","line drawings","300.0"
"","oriental brushwork","300.0"
"","red color","300.0"
"168","eye movement","3700.0"
"","eye tracking","3630.0"
"","eye movements","3200.0"
"","visually impaired","2276.0"
"","eye gaze","2000.0"
"","eye tracker","1800.0"
"","text entry","1300.0"
"","fitts law","1200.0"
"","eye","1171.0"
"","haptic feedback","900.0"
"169","parallel simulation","2200.0"
"","distributed simulation","1800.0"
"","time warp","1300.0"
"","parallel discrete event simulation","800.0"
"","parallel simulations","800.0"
"","discrete event simulation","534.0"
"","simulation large","500.0"
"","event simulation","400.0"
"","discrete event","360.0"
"","parallel distributed","312.0"
"170","simulation modeling","2000.0"
"","simulation language","1000.0"
"","discrete event simulation","925.0"
"","modeling simulation","864.0"
"","simulation languages","800.0"
"","discrete simulation","700.0"
"","simulation system","700.0"
"","model development","600.0"
"","simulation model","599.0"
"","simulation","536.0"
"171","supply voltage","1354.0"
"","leakage power","960.0"
"","current","711.0"
"","interconnect","704.0"
"","cmos technology","700.0"
"","gate sizing","600.0"
"","power grid","600.0"
"","transistor level","600.0"
"","voltage","537.0"
"","noise","522.0"
"172","proving correctness","800.0"
"","formal semantics","563.0"
"","theorem prover","500.0"
"","temporal logic","410.0"
"","algebraic specifications","400.0"
"","loop invariants","400.0"
"","predicate calculus","400.0"
"","theorem proving","373.0"
"","formal specification","307.0"
"","specification verification","306.0"
"173","fuzzy logic","3800.0"
"","fuzzy inference","900.0"
"","knowledge capture","800.0"
"","fuzzy","784.0"
"","legal","637.0"
"","belief network","600.0"
"","inference engine","600.0"
"","knowledge base","581.0"
"","case based","500.0"
"","reasoning cbr","500.0"
"174","software quality","2100.0"
"","software metrics","1400.0"
"","empirical study","900.0"
"","complexity measures","700.0"
"","metrics","559.0"
"","complexity metrics","500.0"
"","quality assessment","500.0"
"","quality metrics","500.0"
"","empirical studies","483.0"
"","software engineering","448.0"
"175","publish subscribe","10100.0"
"","stream processing","3000.0"
"","event processing","2019.0"
"","event based","1800.0"
"","publish subscribe systems","1500.0"
"","data stream","1000.0"
"","event streams","900.0"
"","publish subscribe system","800.0"
"","event stream","700.0"
"","stream","661.0"
"176","network chip","1300.0"
"","chip communication","900.0"
"","network chip noc","900.0"
"","chip noc","800.0"
"","system chip","730.0"
"","chip networks","700.0"
"","chip soc","700.0"
"","communication architecture","700.0"
"","noc","677.0"
"","chip network","600.0"
"177","object oriented","56600.0"
"","object oriented programming","6037.0"
"","object oriented design","3300.0"
"","object orientation","2500.0"
"","object","2031.0"
"","oriented programming","1780.0"
"","oriented paradigm","1700.0"
"","object oriented paradigm","1600.0"
"","object oriented language","1500.0"
"","object oriented software","1400.0"
"178","floating point","2440.0"
"","fixed point","800.0"
"","adjusting computation","500.0"
"","arithmetic operations","400.0"
"","change propagation","400.0"
"","floating point arithmetic","400.0"
"","floating","312.0"
"","elementary functions","300.0"
"","error bounds","300.0"
"","gather intersection","300.0"
"179","object oriented","2941.0"
"","xml data","1803.0"
"","xml documents","1778.0"
"","oriented database","1100.0"
"","xml","911.0"
"","xml schema","888.0"
"","xml databases","800.0"
"","query language","737.0"
"","temporal databases","700.0"
"","xml database","700.0"
"180","shortest path","2289.0"
"","shortest paths","1500.0"
"","spanning trees","1100.0"
"","graph based","1000.0"
"","spanning tree","791.0"
"","directed graph","750.0"
"","edges graph","700.0"
"","graph algorithms","700.0"
"","graph nodes","700.0"
"","flow graph","671.0"
"181","model checking","8061.0"
"","timed automata","1400.0"
"","formal verification","1299.0"
"","formal model","1200.0"
"","model checker","938.0"
"","state explosion","900.0"
"","state machines","857.0"
"","validation verification","800.0"
"","finite state","702.0"
"","formal analysis","700.0"
"182","news stories","2300.0"
"","event detection","1200.0"
"","news articles","916.0"
"","news","760.0"
"","spatial reader","600.0"
"","entity detection","500.0"
"","news story","500.0"
"","news streams","500.0"
"","spatio temporal","404.0"
"","bursty features","400.0"
"183","ddos attacks","1400.0"
"","intrusion detection","1132.0"
"","dos attacks","750.0"
"","data communication","600.0"
"","network intrusion detection","600.0"
"","pattern matching","529.0"
"","data communications","500.0"
"","denial service","500.0"
"","denial service ddos attacks","400.0"
"","network security","356.0"
"184","real time","2269.0"
"","real time systems","2200.0"
"","embedded systems","1482.0"
"","embedded software","1394.0"
"","hard real time","1000.0"
"","hardware software partitioning","900.0"
"","timing constraints","900.0"
"","real time scheduling","800.0"
"","real time system","700.0"
"","time scheduling","700.0"
"185","interprocess communication","1100.0"
"","deadlock detection","900.0"
"","distributed operating","600.0"
"","distributed operating system","600.0"
"","remote procedure","600.0"
"","cloud computing","528.0"
"","distributed processing","500.0"
"","mapreduce jobs","500.0"
"","mapreduce","443.0"
"","distributed systems","428.0"
"186","gene expression","1917.0"
"","sequence alignment","1400.0"
"","amino acid","1300.0"
"","molecular biology","1300.0"
"","protein folding","1200.0"
"","dna sequences","1100.0"
"","protein protein","1000.0"
"","protein sequences","1000.0"
"","mass spectrometry","900.0"
"","protein","882.0"
"187","record linkage","1000.0"
"","duplicate detection","900.0"
"","question answering","543.0"
"","similarity search","514.0"
"","entity resolution","500.0"
"","inverted index","500.0"
"","text index","500.0"
"","index structure","400.0"
"","keyword search","400.0"
"","problem propose","400.0"
"189","time sharing","1100.0"
"","queueing networks","1000.0"
"","product form","600.0"
"","queueing model","600.0"
"","response time","501.0"
"","queueing network","500.0"
"","queueing","475.0"
"","system performance","444.0"
"","operating system","433.0"
"","performance analysis","413.0"
"190","multi agent","2124.0"
"","mobile agents","1700.0"
"","artificial intelligence","1513.0"
"","autonomous agents","1000.0"
"","agent based","908.0"
"","mobile agent","612.0"
"","agent oriented","600.0"
"","tuple spaces","600.0"
"","agent","590.0"
"","agent systems","542.0"
"191","privacy policy","1500.0"
"","privacy policies","1300.0"
"","digital forensics","1000.0"
"","law enforcement","1000.0"
"","privacy preferences","1000.0"
"","privacy security","900.0"
"","privacy concerns","752.0"
"","inside risks","700.0"
"","privacy issues","700.0"
"","privacy","631.0"
"192","process variation","1700.0"
"","process variations","1000.0"
"","variation aware","800.0"
"","monte carlo","790.0"
"","variations","676.0"
"","power analysis","600.0"
"","variation","523.0"
"","parameter variations","500.0"
"","statistical timing analysis","500.0"
"","leakage power","452.0"
"193","mediated communication","592.0"
"","group meetings","500.0"
"","group work","500.0"
"","meeting room","500.0"
"","cooperative work","421.0"
"","based collaborative","400.0"
"","collaboration support","400.0"
"","collaborative systems","400.0"
"","group editors","400.0"
"","groupware systems","400.0"
"194","data mining","12993.0"
"","mining","3279.0"
"","association rules","2500.0"
"","pattern mining","2200.0"
"","association rule mining","1800.0"
"","knowledge discovery","1700.0"
"","mining algorithms","1400.0"
"","rule mining","1300.0"
"","outlier detection","1100.0"
"","data data","1000.0"
"195","attribute grammars","2500.0"
"","attribute grammar","1400.0"
"","regular expression","1300.0"
"","syntax directed","1000.0"
"","context free grammars","900.0"
"","grammar","793.0"
"","grammars","781.0"
"","context free","700.0"
"","context free grammar","700.0"
"","free grammar","700.0"
"196","xml documents","1258.0"
"","text editing","1200.0"
"","word processing","800.0"
"","text editor","700.0"
"","text editors","700.0"
"","text processing","700.0"
"","xml document","630.0"
"","markup language","600.0"
"","spelling correction","600.0"
"","structured documents","600.0"
"197","government agencies","1700.0"
"","government","1443.0"
"","digital government","1100.0"
"","public policy","1100.0"
"","public sector","800.0"
"","socio economic","800.0"
"","federal government","700.0"
"","south african","700.0"
"","united states","683.0"
"","digital divide","600.0"
"198","clone detection","2900.0"
"","device drivers","1800.0"
"","device driver","900.0"
"","operating systems","624.0"
"","control theory","500.0"
"","plagiarism detection","500.0"
"","clone management","400.0"
"","code clones","400.0"
"","collateral evolutions","400.0"
"","driver code","400.0"
"199","recommender systems","7600.0"
"","collaborative filtering","7300.0"
"","recommender system","3300.0"
"","recommender","1119.0"
"","recommendation systems","1100.0"
"","user preferences","1020.0"
"","recommendation system","1000.0"
"","recommendation","965.0"
"","cold start","900.0"
"","personalized recommendations","900.0"
"200","digital rights","1400.0"
"","intellectual property","1200.0"
"","copyright protection","1000.0"
"","digital watermarking","900.0"
"","shoulder surfing","900.0"
"","watermarking scheme","800.0"
"","rights expression","700.0"
"","watermarking","642.0"
"","digital rights management","600.0"
"","confidentiality integrity","500.0"
"201","access control","15224.0"
"","access control policies","3100.0"
"","role based access control","1900.0"
"","control policies","1800.0"
"","access control model","1100.0"
"","access control policy","1100.0"
"","security requirements","1000.0"
"","security policy","930.0"
"","security policies","858.0"
"","access control rbac","800.0"
"202","transactional memory","3500.0"
"","lock based","1000.0"
"","transactional","735.0"
"","software transactional memory","700.0"
"","programming models","600.0"
"","software transactional","600.0"
"","memory models","500.0"
"","relaxed memory","500.0"
"","transactional memory stm","500.0"
"","parallel programming","430.0"
"203","steiner tree","1300.0"
"","multicommodity flow","1000.0"
"","primal dual","1000.0"
"","approximation algorithm","959.0"
"","facility location","900.0"
"","approximation scheme","800.0"
"","approximation schemes","800.0"
"","approximation algorithms","753.0"
"","approximation ratio","702.0"
"","stable marriage","700.0"
"204","sensitive hashing","800.0"
"","nearest neighbors","700.0"
"","ground truth","600.0"
"","gender classification","500.0"
"","iris recognition","500.0"
"","pattern recognition","500.0"
"","sensitive hashing lsh","500.0"
"","nearest neighbor","473.0"
"","feature vectors","400.0"
"","locality sensitive hashing lsh","400.0"
"205","garbage collection","13500.0"
"","garbage collector","5300.0"
"","memory management","3828.0"
"","garbage","1376.0"
"","garbage collectors","900.0"
"","memory allocation","900.0"
"","garbage collected","800.0"
"","reference counting","800.0"
"","collector","621.0"
"","heap allocation","600.0"
"206","analytical model","700.0"
"","markov model","600.0"
"","markov models","600.0"
"","model model","600.0"
"","modeling analysis","500.0"
"","modeling approach","500.0"
"","modeling evaluation","400.0"
"","molecular dynamics","400.0"
"","parameters model","400.0"
"","predictive modeling","400.0"
"207","human computation","900.0"
"","editorial message","400.0"
"","data mining","317.0"
"","collected data","300.0"
"","current future","300.0"
"","elicit data","300.0"
"","previous work","300.0"
"","wide range","300.0"
"","recent years","256.0"
"","special track","253.0"
"208","massively parallel","1800.0"
"","parallel processing","1368.0"
"","parallel algorithms","1200.0"
"","parallel computer","1100.0"
"","parallel computers","1100.0"
"","number processors","900.0"
"","parallel machines","900.0"
"","deadlock free","800.0"
"","interprocessor communication","700.0"
"","parallel processor","600.0"
"209","shared memory","3571.0"
"","cache coherence","2300.0"
"","memory consistency","1400.0"
"","coherence protocol","1100.0"
"","shared memory multiprocessors","1100.0"
"","distributed shared memory","900.0"
"","memory multiprocessor","900.0"
"","memory multiprocessors","800.0"
"","coherence protocols","700.0"
"","false sharing","700.0"
"210","levels detail","800.0"
"","level detail","500.0"
"","surface simplification","400.0"
"","contingent multi","300.0"
"","transmission conventional stereoscopic","300.0"
"","visual quality","300.0"
"","high resolution","270.0"
"","data structure","253.0"
"","simplification","253.0"
"","detail","209.0"
"211","operating systems","2387.0"
"","operating system","2036.0"
"","unix operating","1100.0"
"","network interface","700.0"
"","system calls","700.0"
"","linux kernel","542.0"
"","linux operating","400.0"
"","microsoft windows","400.0"
"","operating system kernel","400.0"
"","operating system support","400.0"
"212","software architecture","6523.0"
"","software architectures","1500.0"
"","architectural","1188.0"
"","architectural description","1000.0"
"","architectural design","1000.0"
"","design decisions","1000.0"
"","architectural style","800.0"
"","architectural knowledge","600.0"
"","architectural views","600.0"
"","architecture description","600.0"
"213","search engine","1085.0"
"","web search","1005.0"
"","online advertising","1000.0"
"","search engines","864.0"
"","exploratory search","800.0"
"","web usage","800.0"
"","search results","702.0"
"","contextual advertising","700.0"
"","information seeking","700.0"
"","search strategies","700.0"
"214","hoc networks","3299.0"
"","mobile hoc","1806.0"
"","sensor networks","1540.0"
"","mobile hoc networks","1444.0"
"","hoc","1236.0"
"","routing protocols","1207.0"
"","wireless hoc","1200.0"
"","routing protocol","1125.0"
"","communication networks","1000.0"
"","hoc network","916.0"
"215","del icio","2200.0"
"","tag clouds","1900.0"
"","social tagging","1800.0"
"","tags","1363.0"
"","tag recommendation","1300.0"
"","social annotations","1200.0"
"","social bookmarking","1200.0"
"","tag","1143.0"
"","social tags","1100.0"
"","tagging systems","1000.0"
"216","music","2463.0"
"","music genre","1300.0"
"","music player","1000.0"
"","sound","877.0"
"","audio signal","800.0"
"","based music","800.0"
"","music composition","800.0"
"","musical instruments","800.0"
"","musical","701.0"
"","musical instrument","700.0"
"217","photo sharing","2100.0"
"","digital photos","1000.0"
"","photo collections","900.0"
"","photo album","700.0"
"","photo","629.0"
"","photos","566.0"
"","personal media","400.0"
"","personal photos","400.0"
"","photo management","400.0"
"","mobile devices","340.0"
"218","social network","13433.0"
"","social networks","12010.0"
"","social media","2688.0"
"","social networking","1692.0"
"","social network analysis","1400.0"
"","online social networks","1300.0"
"","online social","1200.0"
"","network analysis","1100.0"
"","social interactions","700.0"
"","social networking sites","700.0"
"219","cloud computing","7748.0"
"","grid computing","4200.0"
"","grid","1907.0"
"","cloud","1604.0"
"","computing resources","1200.0"
"","pcloud computing","1200.0"
"","grid applications","1000.0"
"","grid resources","900.0"
"","grid services","900.0"
"","resource","896.0"
"220","annotated bibliography","1900.0"
"","http www","1900.0"
"","sigact news","1400.0"
"","international workshop","1369.0"
"","acm","1024.0"
"","day day","1000.0"
"","conference","928.0"
"","acm shut","900.0"
"","past years","900.0"
"","computer science","880.0"
"221","training program","600.0"
"","system development","500.0"
"","systems design","500.0"
"","systems development","500.0"
"","systems developed","400.0"
"","training programs","400.0"
"","user services","309.0"
"","training","290.0"
"","project management","280.0"
"","computer center","263.0"
"222","multi agent","1911.0"
"","planning","653.0"
"","agent","519.0"
"","agents","431.0"
"","agent architecture","400.0"
"","bdi agent","400.0"
"","multi robot","400.0"
"","multiagent system","400.0"
"","bdi agents","300.0"
"","tasks agents","300.0"
"223","debugging","1338.0"
"","fault localization","1300.0"
"","execution traces","1000.0"
"","debugging tools","800.0"
"","level debugging","800.0"
"","program behavior","800.0"
"","interactive debugging","700.0"
"","program traces","700.0"
"","debugging techniques","600.0"
"","dynamic program","600.0"
"224","flash memory","2900.0"
"","nand flash","1400.0"
"","flash","1007.0"
"","data centers","1000.0"
"","based storage","800.0"
"","page replacement","700.0"
"","data center","687.0"
"","energy efficiency","661.0"
"","storage device","600.0"
"","memory management","547.0"
"225","data governance","600.0"
"","data quality","600.0"
"","return investment","500.0"
"","quality management","400.0"
"","system administrators","400.0"
"","improve quality","300.0"
"","service quality","300.0"
"","customer service","266.0"
"","customer satisfaction","204.0"
"","information systems","193.0"
"226","object oriented","2367.0"
"","language constructs","800.0"
"","type system","776.0"
"","oriented programming","593.0"
"","object oriented programming","587.0"
"","extension java","500.0"
"","featherweight java","500.0"
"","language extension","500.0"
"","multiple inheritance","500.0"
"","predicate dispatch","500.0"
"227","wait free","1400.0"
"","byzantine agreement","600.0"
"","italicn italic","563.0"
"","consensus","415.0"
"","shared memory","325.0"
"","mutual exclusion","324.0"
"","asynchronous","316.0"
"","asynchronous shared memory","300.0"
"","coordinated consensus","300.0"
"","agreement","270.0"
"228","mobile devices","9663.0"
"","context aware","5529.0"
"","mobile device","5246.0"
"","ubiquitous computing","4510.0"
"","mobile computing","4100.0"
"","mobile phones","3716.0"
"","mobile applications","3400.0"
"","pervasive computing","3400.0"
"","context awareness","2200.0"
"","mobile users","2000.0"
"229","augmented reality","9093.0"
"","virtual reality","6043.0"
"","virtual environments","4599.0"
"","virtual environment","2332.0"
"","real virtual","1300.0"
"","virtual worlds","1300.0"
"","mixed reality","1261.0"
"","reality","1066.0"
"","virtual objects","1000.0"
"","virtual space","800.0"
"230","present design","700.0"
"","mobile devices","486.0"
"","interaction design","396.0"
"","mobile phones","367.0"
"","design space","312.0"
"","design evaluation","306.0"
"","design process","268.0"
"","technologies","264.0"
"","social networking","235.0"
"","location based","221.0"
"231","adaptive hypermedia","700.0"
"","hypermedia systems","700.0"
"","spatial hypertext","600.0"
"","hypermedia","472.0"
"","web applications","455.0"
"","hypermedia applications","400.0"
"","hypermedia structures","400.0"
"","open hypermedia","400.0"
"","hypertext","369.0"
"","web application","315.0"
"232","data integration","2300.0"
"","data sources","1731.0"
"","query answering","1200.0"
"","schema matching","1200.0"
"","conjunctive queries","700.0"
"","semantic heterogeneity","700.0"
"","integration","632.0"
"","data exchange","600.0"
"","data source","600.0"
"","schema mapping","600.0"
"233","genetic algorithm","3958.0"
"","ant colony","2100.0"
"","particle swarm optimization","2100.0"
"","multi objective","1900.0"
"","genetic algorithms","1850.0"
"","local search","1700.0"
"","ant colony optimization","1500.0"
"","particle swarm","1500.0"
"","evolutionary algorithm","1477.0"
"","pareto front","1300.0"
"234","web accessibility","3400.0"
"","web browsing","1500.0"
"","accessibility","1130.0"
"","web pages","1026.0"
"","screen readers","1000.0"
"","web page","913.0"
"","screen reader","800.0"
"","visually impaired","800.0"
"","web content","624.0"
"","web site","573.0"
"235","instruction queue","800.0"
"","issue queue","800.0"
"","performance degradation","600.0"
"","instruction window","500.0"
"","load store","500.0"
"","processor performance","400.0"
"","register renaming","400.0"
"","single thread","400.0"
"","study shows","400.0"
"","performance improvement","333.0"
"236","electronic mail","2500.0"
"","email messages","700.0"
"","email","457.0"
"","mail","408.0"
"","communication system","400.0"
"","web browser","348.0"
"","email clients","300.0"
"","mail mail","300.0"
"","mash maker","300.0"
"","spam filtering","300.0"
"238","cognitive radio","2500.0"
"","physical layer","1700.0"
"","multi channel","1500.0"
"","channel assignment","1300.0"
"","channel","1078.0"
"","cross layer","1000.0"
"","interference","984.0"
"","channel access","800.0"
"","channel allocation","800.0"
"","multi hop","800.0"
"239","speech recognition","979.0"
"","multimodal interface","800.0"
"","cognitive load","600.0"
"","multimodal","563.0"
"","speech","507.0"
"","multimodal input","500.0"
"","multimodal interaction","487.0"
"","multimodal interfaces","487.0"
"","children asd","400.0"
"","children autism","400.0"
"240","multi agent","3291.0"
"","agent based","2170.0"
"","coalition formation","1400.0"
"","agent","991.0"
"","agents","912.0"
"","multi agent system","849.0"
"","intelligent agents","800.0"
"","agent system","702.0"
"","multi agent systems","699.0"
"","agent agent","600.0"
"241","group members","600.0"
"","collaborative web","400.0"
"","creativity support","400.0"
"","group awareness","400.0"
"","paper reports","400.0"
"","information sharing","333.0"
"","social networks","316.0"
"","video conferencing","300.0"
"","team members","208.0"
"","collaborative work","200.0"
"242","agnostic learning","600.0"
"","learning algorithm","556.0"
"","line learning","500.0"
"","reinforcement learning","445.0"
"","learning theory","400.0"
"","markov decision","400.0"
"","italick italic","376.0"
"","machine learning","359.0"
"","algorithm learning","300.0"
"","algorithm solves","300.0"
"243","branch prediction","2800.0"
"","branch predictor","1600.0"
"","branch predictors","1100.0"
"","branch","812.0"
"","prediction accuracy","700.0"
"","conditional branch","600.0"
"","instruction fetch","600.0"
"","instruction stream","600.0"
"","code cache","500.0"
"","basic block","400.0"
"244","expert system","6000.0"
"","expert systems","4608.0"
"","artificial intelligence","2986.0"
"","rule based","2200.0"
"","knowledge based","2081.0"
"","expert","1630.0"
"","knowledge base","1598.0"
"","knowledge acquisition","1500.0"
"","knowledge representation","753.0"
"","knowledge based system","600.0"
"245","computing center","1083.0"
"","academic computing","700.0"
"","user services","617.0"
"","academic institutions","600.0"
"","computing centers","600.0"
"","computer center","421.0"
"","computer science","421.0"
"","computer education","400.0"
"","amp bull","399.0"
"","center began","300.0"
"246","italicn italic","15009.0"
"","subscrpt italic","10700.0"
"","italicsubscrpt subscrpt","8600.0"
"","italic italic","7847.0"
"","italick italic","7396.0"
"","italic","7054.0"
"","italics italic","6600.0"
"","italic subscrpt","6300.0"
"","italicp italic","5691.0"
"","italicx italic","5100.0"
"247","ken wilson","500.0"
"","benchmark suite","300.0"
"","call center","300.0"
"","living lab","300.0"
"","media data","300.0"
"","periodic broadcast","300.0"
"","server performance","300.0"
"","system called","300.0"
"","system resources","300.0"
"","benchmark","212.0"
"248","simulation approach","400.0"
"","simulation model","364.0"
"","based model","300.0"
"","model predict","300.0"
"","model simulation","300.0"
"","simulation study","300.0"
"","time simulation","300.0"
"","modeling simulation","288.0"
"","computer simulation","252.0"
"","simulation program","250.0"
"249","data management","1188.0"
"","data base","1187.0"
"","data base management","1000.0"
"","database research","900.0"
"","database management systems","700.0"
"","event processing","586.0"
"","database management","540.0"
"","rfid data","400.0"
"","database systems","371.0"
"","data bases","352.0"
